<?xml version="1.0" encoding="UTF-8" standalone="yes"?>
<addon id="plugin.video.tubevideos" name="[COLOR lime]tube[/COLOR][COLOR red]videos[/COLOR]" version="1.0.0" provider-name="tvbox3">
  <requires>
    <import addon="xbmc.python" version="2.1.0"/>
    <import addon="script.module.addon.common" version="2.0.0"/>
    <import addon="plugin.video.youtube" version="5.0.0"/>
  </requires>
	
  <extension point="xbmc.python.pluginsource" library="default.py">
    <provides>video</provides>
  </extension>
	
  <extension point="xbmc.addon.metadata">
    <summary lang="en">Tubevideos</summary>
    <description lang="en">Addon de videos do youtube</description>
    <platform>all</platform>
    <forum></forum>
    <website></website>
  </extension>
</addon>
