<?xml version="1.0" encoding="UTF-8" standalone="yes"?>
<addon id="plugin.video.playtube" name="Playtube" version="1.1.7" provider-name="Avigdor">
  <requires>
    <import addon="xbmc.python" version="2.1.0"/>
	<import addon="repository.xbmc-avigdork" />
  </requires>
  <extension point="xbmc.python.pluginsource" library="default.py">
        <provides>video</provides>
  </extension>
  <extension point="xbmc.addon.metadata">
    <summary lang="en">Playtube</summary>
    <description lang="en">addon de listas </description>
    <platform>all</platform>
  </extension>
</addon>
