﻿<?xml version="1.0" encoding="UTF-8" standalone="yes"?>
<addon id="tubetv.repositorio" name="tubetv.repositorio" version="1.1" provider-name="tubetv">
	<extension point="xbmc.addon.repository" name="tubetv.repositorio">
		<info compressed="false">http://raw.github.com/mrpiracyPT/repository.mrpiracy/master/addons.xml</info>
		<checksum>http://raw.github.com/mrpiracyPT/repository.mrpiracy/master/addons.xml.md5</checksum>
		<datadir zip="true">http://raw.github.com/mrpiracyPT/repository.mrpiracy/master/repo/</datadir>
	</extension>
	<extension point="xbmc.addon.metadata">
		<summary>top Repositório</summary>
		<description>Addon Description</description>
		<disclaimer></disclaimer>
		<platform>all</platform>
	</extension>
</addon>
