<?xml version="1.0" encoding="UTF-8" standalone="yes"?>
<addon id="plugin.program.BMC" name="Badazz Media Center Wizard" version="1.5" provider-name="Wolfey B">
  <requires>
    <import addon="xbmc.python" version="2.1.0"/>
  </requires>
  <extension point="xbmc.python.pluginsource" library="default.py">
        <provides>executable</provides>
  </extension>
  <extension point="xbmc.service" library="startup.py" start="startup" />
  <extension point="xbmc.addon.metadata">
    <summary lang="en">Badazz Media Center</summary>
    <description lang="en">This is nothing more than just one badazz mother FORKing media center wizard. Enjoy!</description>
    <platform>all</platform>
  </extension>
</addon>
